word,count
雙手,3
幻覺,4
驕傲,3
明確,1
怎麼,16
經不僅,2
還沒,1
一樣,12
錢,6
宣導,1
艷麗,2
河,2
出千萬花,2
然,1
養壞,3
吃不完,3
蔡頭,1
許多,2
邊界,1
渴能,1
暫化,4
尋常,2
遠,1
不疏,3
平安,4
不開,2
字然,2
歲,2
其,1
揣摩,2
掂,4
醜兒,2
個,13
為夠,1
外套,3
無,12
不問,2
成功,1
是,175
念頭,1
剝繭,2
姿態,2
不留,1
做過,1
造,2
何其,4
嗎,13
以便,1
也,108
懂不懂,10
大後看,1
經眼裡,12
播種,1
離今,3
無法,4
你雙,3
那種,2
前方,6
上,12
他們,1
悲劇,2
歡永恆,4
苦日子,5
我質疑,2
誘惑,2
主角,1
走走,3
一次,6
濕透,1
火神,1
彼時,2
穿越,2
得意忘形,3
覺得,27
日子,7
請離,1
白色,1
仁慈,3
任好,2
再費心,1
草野,1
依賴,2
牢,2
總笑,2
跳,2
該,7
雨,2
場難,1
奮力過,2
精采,3
明天,14
那麼,18
以來,3
想要,8
片段,4
活著,6
鬧,1
脫,1
並不總是,4
第一次,2
一段,6
美麗,1
今,2
前,9
沈沒前,10
髒,3
球路,1
相地,1
贈品,2
不理,4
不同,7
誤會,4
忍受,2
靠近,2
迴,2
記憶,3
鮮艷,1
不知,3
確厭,2
那天,8
說,74
再,9
看起,2
說給,2
羨慕,1
就,62
遇到,2
復,2
多困,1
偶爾搖晃,2
犧牲,2
鑰匙,1
重,1
之後看,2
饒,1
沈重,1
才能,6
雨裡,2
牠,7
難,6
東西,2
泥土,2
像是,2
成為,6
心樂,1
越,1
笑,19
常常,2
寶貝倦,12
放著,2
耕作,1
冰箱,2
介意,2
提苦惱,1
誰,32
侵略,2
部分,2
那首,2
當你去,1
手握,3
懂,9
全都,7
寶貝寶貝給,8
這般,1
卡,2
誤會給,1
歌名,5
遺言,2
盛放,2
兩個,2
多嘴,1
相,3
好,27
先鬧,3
什麼,33
最憂愁,2
狼狽,1
或,5
經以,4
花,4
悲傷,13
每天,2
同一,1
這種,1
盪記憶裡,1
蟬蟬,1
爭奪,1
冷,1
事物,2
沒察覺,2
佈,2
噎,3
痛快,1
巴掌,1
懂得,2
成全,3
他剛,2
機會,5
寫下,2
應該,9
眼淚,6
那顆,1
昏送,2
日夜,2
我安,6
某個,1
寶貝要,10
種,1
會,23
複,1
公車,1
場合,2
某部,4
非愛你,1
大,7
手把,3
許,4
事兒,2
揀,5
昏暗,4
歌唱,2
盡情,1
太難過,2
最難,4
上空,2
青春,2
消長,2
話,12
無數次,4
十二,1
聊遍,1
穿梭,1
地飄灑,1
思考,3
真的,34
乾燥,1
不出,2
風揚,1
起來,2
那,23
地搖晃,3
感傷,1
天上,3
富江,1
和諧,2
心泛,1
同時,5
很久以前,2
胡言,3
理想,4
句,2
真相,1
不再,12
快樂當,4
失落,4
結果,2
裡我,4
當,1
勝天,2
痛徹,1
眾人,8
霍,5
會痛,1
抱歉,2
一些,1
字關,1
天,7
企業,2
結束,1
答案,4
撫觸,1
火什麼,6
沒變,1
天份,1
久居,1
胡說,2
其中,1
想法,4
偷偷,1
不然,5
原始,2
高處,1
給限,1
眉梢,1
它本,2
扯,1
一件,4
我將,2
方向,6
合不來,2
晾,2
─,1
唱腔,1
擁有,19
開,1
還要,6
全在,4
寂寞,27
綻,2
刺,2
擁,3
時,5
反正,3
身上,7
開花,2
魔,2
逃脫,1
我,555
過程,3
阻止,3
分寸,2
想起,8
走,21
心跳,2
代表,1
翅膀,4
少,1
我給,4
沒說,4
別,12
河水,1
不過,4
土地,3
躲,2
最傷,1
併,1
總,6
討好,1
浮生,1
拋空,3
意足,2
畫面,2
離,12
阿成,1
光彩,3
怯場,1
時才,2
不可,2
變成,1
同,6
狗狗,2
地來,1
熱烈,6
這場面,1
安靜,5
無言,2
迷戀,2
漂亮,2
太,1
人要,4
肯,1
我點,2
痛苦,2
這張,1
但,26
感動,6
像,15
美好,6
眼裡,2
相傳,1
不去,6
深深,1
畢,5
盤旋,1
你過,2
精雕,3
遊戲,4
現下,2
心滿,2
甩過,1
字眼,4
落下,6
掏出,2
快要,1
來,35
飛魚,4
瘋,5
和,50
透,1
未知,7
真理,1
幼苗,1
海洋,2
回憶,2
感到,1
美妙,5
獨白勝過,6
歡氣,1
萬千,1
不錯,6
完全,2
就要,6
貪循,1
溫柔別,1
睡,4
因,4
事理,1
車活,1
看見,6
永恆,1
揮,5
成品,3
消遣,3
出,6
寶貝,12
溫涼,2
最,14
抱後瞬間,1
純然,2
一首歌,5
臉上,2
諷刺,3
愛我喜,2
解釋,4
安全,7
我心,1
永恆歲,2
思念,2
感受,1
寫,2
黑,1
還比,1
詞,1
大旗,2
呢,1
僥,6
回聲,1
連篇,3
一起,9
上帝,6
我罷,1
了,140
國,2
鼓勵,1
海水,6
習慣,7
地上,3
亂語,3
語,1
社交,1
吹拂,1
這麼,2
玩意,2
為,28
左右,7
不得已,2
生生死死,1
幹,6
敗,1
血裡流,3
萬物,2
長,6
移動安靜,1
蛾,1
腳步,3
關心,4
要,57
還不懂,2
小楨,2
倔強,4
拾獲,4
咬,5
何妨,4
鬢,1
瞭解,4
著遠,3
完美,1
被,31
表演,1
心肺,1
委屈,4
沒有,9
一扇,1
我為,2
心情,2
客串,6
要爛,2
這兒,2
乏味,1
開來,5
超脫,4
彼此,7
意思,2
我還,1
不經,1
與,31
額頭,2
點啦以,1
風潮,1
沈睡,6
靈魂,3
前後後將,2
試圖,1
良性,1
一抹,1
悼念,1
他始,2
將它,2
投身,2
玩偶,2
多少,5
我們,68
粗曠,1
想想,4
出來,2
緣分,2
更,7
裡你,2
宿命,2
最天,2
著,57
藍天,9
著光,1
間,9
搞,2
結論,1
用,5
聽雨聲,2
辯,1
戲,2
全世界,4
夏天,1
聆,2
甜甜,8
著風光,2
遺憾,19
完完整整,3
地想,2
慈悲,4
發生,4
陪,12
腰,2
如絲,2
開些,1
未來,2
就是,13
不妥,2
閃過,2
我酷,6
抽絲,2
完,9
們,8
回事,2
唉呀,8
愛,36
分看,1
越來,1
討人厭,15
扮著,2
白雲當,6
喃喃,6
苦心,2
手裡,3
凝視,1
巷口,5
蘋果,2
相思,1
藥去,1
替代,2
神奇,2
孤獨中,2
誓言,2
朝仰,1
太多,1
城市,5
口紅,2
找個,2
記得,4
禍,14
．,7
夢想,2
不必,4
修剪,1
夢,21
水冷,1
確定,2
常,1
細膩,1
可偏,2
談論,6
熱你喝,1
極限,2
彎,2
兒,4
流動,2
歷史,2
橘子,1
旋,1
卸下,3
不如,6
多麼,9
清涼,1
不得,6
告別,10
土壤,2
有,74
最美,20
小,8
美,4
脖子,2
著雲起,2
別人,1
迷人,1
說關,2
還是,6
隨,1
人交錯,1
家,1
用心,1
最初,2
的過,3
好現,2
堅持,3
唯一,1
此現,2
領悟,1
街,2
淚,5
摟,2
大街,2
最快,2
再見,2
還想,7
經有,4
何等,2
困別,2
腐敗後成,1
心安理得,1
月,4
保留,1
雲煙,3
之中,4
我現,1
此刻,6
計較,1
房裡,2
那個,5
在,189
關於,1
遺失,2
抱,11
看著,1
去,56
這前,2
著化,2
換,2
表達別,1
鳥,4
臉色,1
路,1
緊張,1
思潮,1
都,88
較,3
還有,3
世界,11
暗自,2
宣傳,1
喔,1
嘩,8
熱絡,1
硬要,2
混,4
因愛是,2
歡愉,2
有別,2
哪,1
裡萬千,1
規則,2
鹹,6
卻,8
如神神,2
靜謐,1
袖手,2
塗塗,3
辦畢,1
相濡以沫,1
有心,3
四季,2
中人們,2
如神般,2
同意,1
地方,3
辭,1
廣播裡,1
此生,3
戴,2
無悔,2
怕不怕,6
熱熱,2
臉,17
夠開始,1
旅人,2
想著,3
無聲,2
廢話,4
散場,1
哭泣,2
啦,80
想,43
都城,1
發,1
最好,2
需要,12
相似,7
是不是,6
兩年,2
溫柔,4
不好,2
微笑,2
黏人,1
顛反,1
山河,2
開雲煙,1
氣球,1
一家,2
嚴厲,2
共交織,2
分別,5
愛這般,1
嚼,4
迂,1
有爾落,1
過去,1
藍天白,1
情緒,4
生命,5
無情,4
兩,1
只,25
愛並且,2
她,16
揭穿,1
插上,4
回頭,13
歉疚,1
故事,13
搭配,1
不真實,2
疲憊,5
專輯,3
再也,13
看,31
沈默,13
種行,1
千千,1
釋懷,1
有著,5
缺陷,1
真心,2
問過,4
孤,5
我喜,1
至,2
理解,1
堂堂,1
咿懶,1
把,28
後,34
碎,3
向,4
激動,2
飛過,4
笨拙,4
中,12
愛和改,1
並非,2
大大的,1
不願,3
牡蠣,2
春日,1
招搖招,1
環保,1
太累,3
白天黑夜,4
容易,1
即使,2
哦,3
生長,1
鋪,2
交易,2
傳說,2
勇敢,5
熱鬧,1
小貓,1
一,9
成就,1
掉,6
我盤,1
臉上畫,2
合理,2
終無法,2
玩,2
反而,3
身,1
真得,1
預言,3
玫瑰,2
隻,2
張望,6
掩飾,2
揉,1
凝視緣,1
揮舞,2
對方,1
奇異,2
不安,9
之歌,2
罷那岸邊,2
不算,4
何必,7
許在,4
陰天,2
安排,1
不定,2
雨落,2
奈何,4
清楚,1
塵埃看,2
還我,2
心是,1
吧,24
至於,1
愛在,1
披覆,3
懷裡,5
艷火,3
非愛我,3
嚴重,1
明白,14
汗,6
島嶼,5
杯酒,1
誠實罷,1
眷戀,6
歌頌,2
地板,2
珍惜,6
藉口,2
哼,2
城外,1
篩選,1
感官,3
剛剛,2

,47
手中,2
愛的,13
風裡,1
一支,2
閃電,2
說過,1
帶,7
破壞,1
枕頭,2
坐,2
流行歌,2
思議,2
呵呵,1
詞曲,1
頭在,1
勝利,6
發現,9
激烈,2
對,34
逕,2
遍地,5
望,4
感,2
依舊,3
短嘆息,1
撲,11
這會兒,1
瞄到,2
愛人要,3
招搖,1
是艷火,4
奏,2
的頭,1
通通,2
他,25
最高,2
一旦,2
定義,2
方式,2
一日,2
剩,2
過還,1
哇啦,10
實應,1
鑽,2
撲火,1
人群,2
跳得夠,1
舉動,4
舌,1
好別,1
且,2
玄妙,1
帳嫁,1
古老,3
停下,3
包裹,3
四散,3
莫呼洛迦,1
一種,8
爬,2
農人,1
言中,1
頰,1
天空,2
動,6
滿愛便,2
不斷,4
濕,6
散落,9
語言,5
祝福,4
美才,2
背包,2
胃口,3
傳言性,2
拿捏,2
偶經,1
獨行,2
預告,2
摸,2
親切,1
滿,1
吃,3
的,792
陰柔,1
車子,1
緩緩,1
輕,6
城裡夜,2
柳暗花明,2
無尋看,3
過都別,1
省略,2
有感,1
心裡算,2
單,1
之間,4
每夜,1
夜裡,4
改,2
人給,2
尖聲囂,2
加強,1
準備,4
裡的,2
火,5
或許,2
裡面,8
其實,17
堆,2
那樣,15
不露,4
總歸,1
一般,2
倖,6
飄著,1
裡像,3
沮喪,1
傾斜,2
便,2
甚至,2
家裡,2
炫耀,1
我覺,3
昨天,3
潔,1
受,2
我親,1
惡,2
味道,1
我要,2
逐流,2
很差,1
放,3
比較,4
溫馨,2
傷口,1
身體,2
一定,4
人能夠,1
私語,1
春,3
挑著,4
魚丸,1
旁人,1
沾,2
狂,1
著要,2
所有,33
才,16
濃情,2
時間,4
傷心,4
沒什麼,5
散,3
順其,6
這裡,6
走出,4
樣子,7
刀,2
票根,1
路上,6
鬆,6
煩惱,4
環而非,1
而,72
妝,2
渺小,3
事情,13
新,6
哪怕,1
燦爛,6
忍不住,2
火熱,2
綵,3
只有,14
一場,1
冷靜,3
綠紅黑,2
只會,2
狠狠,4
差個,1
臉孔,1
豔,5
冷地,2
田野,4
開門,1
日,2
告訴,6
剩喜悅,2
累積,2
協的,2
陽光,10
渴望,10
熱著,2
深夜,1
能夠,4
淺出,1
渴有,1
從,10
點綴,2
垮,4
傻傻,1
襲擊,1
擔心,3
今夜,10
哄,2
慢慢,3
手,10
緊,1
沒差,2
嗚,1
難看,3
不停,10
不會,15
曾經,10
今天,14
深奧,1
兩者,1
這樣,8
八門,2
著歌,2
只是,18
不曾,2
存在,6
插針,2
握手,1
一天,2
焦點,1
愛無狀態,1
終將,6
牽著,2
形狀,1
眾神,2
僵直,2
叫,2
然後緊,2
烈烈,2
懷,1
萬,2
刁,2
每種,2
如此而已,6
很,18
領略春風,1
可要,1
如果,13
笛,2
現實,2
收斂,3
擁抱,14
見過,2
許諾,6
懷疑,3
地放縱,2
栽,2
寬容,2
功頌德,2
不是,37
一秒,4
它們,3
帶來,1
白,4
失去,14
榮幸,4
死,6
滾,1
詮釋,2
站牌,1
藝術,5
從何,3
渾然,3
著愛變,1
聊聊,2
難釋,1
奢侈,1
肥沃,2
強烈,2
身影,1
逃避,6
跟,2
人定,2
發行,1
哎呀呀,8
知道,44
多想,1
呀,23
國我們,1
空人,1
超級,2
掛起,3
並溫,1
時候,20
竟,1
神,4
荒唐,2
感想,3
妳是,1
出口,8
有傷,4
行走,1
一底,1
田地,1
忐忑,1
著威脅,2
含,2
歌手,1
冰涼,2
氣氛,3
轉頭,4
舒服,6
放肆,3
哀,1
留下,14
角落,3
循環,3
口耳,1
一點,10
及格,2
取代,2
幸福,4
可以,20
竟是,5
般的,2
時光,5
算計,2
好眠,8
不想,6
隨波,2
已過,3
容忍,2
聲音,3
注視,3
在乎,1
握著,1
搶,1
溼透,1
好看,3
覺讓,1
山窮水,2
不肯,2
廣袤,4
流淚,2
不得不,1
缺乏,1
若,4
可,14
停止,2
畢竟,1
份,1
牽手,2
很多,3
盡,4
留住,2
大地,1
夏日,2
街燈,1
破舊,2
這,37
貨幣,2
有時,2
這兩者,4
生活,28
辦法,2
一群,2
季節,2
錯,5
那些,1
這輩子,3
活,6
竊,4
深愛著,2
捏,6
評,1
比,5
思量,4
壞,8
努力,1
偽裝,1
流浪,4
南國來,6
不怕,2
還好,1
感慨,2
描著,1
安,1
這個,2
如舊,3
樂,2
縛的,3
變分,1
心底,1
詩藝,2
模模糊糊,2
繽紛,2
著離開,1
親吻,8
笑容,2
陌生,3
斟酌,1
清醒,12
剎那現,3
握有,2
曝露,1
房間,1
明滅,2
刻劃,3
時刻,3
還,1
穩當,2
視線,1
裡都,1
爭吵,3
著以,1
彈起,3
地揮汗,1
喜歡,33
那裡,1
旁觀,2
等,14
永遠,1
愛你關,1
自己,24
自已,2
空氣,2
八道,2
能給,2
我並,1
曠,1
已,21
開車,1
堅強,2
模樣,12
帆,2
而是,2
至少,4
讓,64
中神,2
等待,10
盡去,2
所有人,6
世紀裡,10
旋律,3
愛人,18
遺忘,4
憂鬱,1
斷,1
上身,2
抹,4
遲早,1
單車,1
飢餓,1
改改,3
整個,6
謙卑,2
做,12
任何,2
再練,1
彩排,3
表達,2
許並,1
已爭,1
意,2
這些,4
沒,27
上下,1
晚餐,1
了不起,1
急,1
亦,4
傷痛,1
快樂艷,1
不能不,2
活到,4
瘋狂,26
流轉,2
原諒,8
拎,2
賒,1
但是,2
難到,1
容納,1
眼神,12
仍常想,1
想念,4
呼喊,1
一切,11
各有,1
有毒,2
以面,4
憑,2
任性,2
窗,4
開心,1
發著,2
所以,11
熱滾,1
如水,1
嘴,1
雖然,2
一刻,6
希望,2
咿呀,21
私,1
一片,8
衝撞,1
害怕,4
片片,1
消滅,2
賣,6
看看,3
祈禱,3
仍然,1
過期,2
並不擁,10
盡裡,1
呀呀,24
緣份,3
十分,3
跳得,1
防備,2
排,3
享受,7
深深地,2
拒絕,2
記著,4
愛情過,2
達握,1
年代,4
這應,1
氣息,2
已經,3
想像,2
野放,1
搖美麗,1
灼身,2
解渴,1
率真,1
蕩,4
世紀末,2
他用,2
大家,15
只好,3
見,32
相信,4
川流,2
窗畢竟,1
照片,3
在手,3
賣點,2
得到,5
光採,1
遠方雨灑,1
歌,2
目標,2
剩剩,3
以,11
說明,2
命運,1
探望,1
當你,6
鐘怎麼,4
中當時,1
分不清,6
每個,2
不求,1
遙遠,6
深刻,4
出點,2
開書房,3
人,34
眼看,4
傷鮮,1
柔,3
字,12
地過,1
相伴,2
改變,5
捧,4
很長,1
我腐敗,1
愛恨,2
願意,6
小孩,1
邂逅,4
一個,12
自然,6
成,8
白天,2
無狀態,1
主動,4
千萬,2
想到,2
然而,3
先恨,3
到,9
回溫,2
黃,6
祂,4
孤獨,2
菌種,1
請,6
啊,33
黑白,5
一遍,3
大部分,1
小鬼,18
凋零,2
忙,1
並肩,1
花開,1
窗虛,2
停,2
心動,1
非,5
危險,19
置,1
時常,4
不能,17
錯過,7
如,3
吳晟,1
一邊,2
短,4
喊,2
挑,2
解決,4
牢騷,1
降落,4
玫瑰色,11
媽媽現,1
心慌,3
爆落,3
甜,2
人生,11
如人,2
方設,1
沒人敢,2
假,2
如今,3
可惜,7
彙,2
哪裡,3
一部,1
可能,10
深入,1
追求,4
多渴,1
繼續,4
淺,4
用來,2
約,1
天然,1
深邃,2
奔跑,4
欠,1
渴人,1
地愛經歷,1
攤不開,3
剝,1
淡淡地,2
自個,2
沒法兒,1
奇怪,4
好養,1
嫁,13
心,10
好好,8
不溫,2
如何,26
不輕言,2
不了,5
放眼望去,4
學會,2
儀表,1
好奇,3
早上,1
能,12
無非,2
愛我,7
也換,2
變得,7
逗逗,5
信仰,2
信任,6
忘我,3
還在,5
孩子,6
累,4
離開,1
吃掉,2
尷尬,3
提,1
忘,9
歌活,1
不清,1
試著,4
親愛的,3
概念,2
呵,1
賺,2
聽,25
曾,21
離別,2
必須,9
公允,4
疏離,1
五花,2
餘煙,1
舔,2
店,2
因為,10
推擠,2
門口擱,2
走過,5
尋找,1
可是,2
還像,1
鄉間,1
扔,2
願,2
總是,4
時間裡,1
有來,1
不要,26
瘋癲,2
恨,3
喃喃地,4
要是,2
慾,4
孤單,14
鄉,1
遠方,3
非常,5
地唱,2
陽天,4
慚愧,6
回家,2
唱,6
憂傷,1
空虛,2
等等,2
地用,1
還過,4
竄,3
值得,4
將來,1
地奮力,1
性子,3
揪,2
或是,3
一直,13
字間,2
很遠,1
眼前,6
放棄,5
把握,4
恐懼,5
煙,2
得,23
最壯麗,2
期待,1
共同,1
想透,1
幸運,2
感覺,11
天真,2
肩,1
快樂裡,2
心疼,1
有些,13
先,2
仍,7
每,4
喜悅,2
眼鏡,2
痛,4
眉眼,4
隱隱,1
雲朵,2
有人,13
此,2
愛移動,2
原聲,1
盤點,2
聽過,1
總有,3
相戀,2
人之間,2
下來然,4
暴力,2
毀滅,2
不,115
愚蠢,2
重要,1
玩笑,1
冷漠,6
一瞬,9
仔細展,4
經過,9
這開場,1
所謂,3
迷惑,2
見縫,2
隆重,1
怯怯,2
關鍵,2
直到,2
狂吶,4
雲,2
狂吻,3
快樂,19
事,9
夜晚,2
自由,11
提好,6
粗,1
尤其,1
河流,2
多,21
奔波,2
制約,24
開始,10
疼愛照,1
承認,1
宗教,3
買,5
承諾,1
點兒,3
轉動,1
須遊,2
隨時,1
湊合,4
傷就,2
居然,2
隱喻,1
人們,8
破解,2
下,14
道德,2
來往,2
娛樂,1
戲劇,1
嘛,6
忙碌,2
分激動,4
一聲,2
樣,2
明星,1
大小,2
覺,1
不識,2
之,1
打,1
那兒,2
手心,3
各自,5
自,5
遍處,1
哀傷,3
小得,1
高山,2
景色,4
它,10
討,3
沙沙,2
音樂,1
一生,2
這是,5
幫助,2
吶瘋,6
狂雨,2
領略,1
地,24
還不確定,1
歸神,1
社會,2
開壞,3
盪你多狂,1
如歌,2
遊,2
俐落,1
現在,4
何以,2
廊,2
如此,15
你,549
不認,2
捨,6
快,2
此時,2
灌溉,1
輕輕,4
決定,3
抗議,2
不語,1
相視,12
找,3
往,8
一安靜,1
激情,1
邊,1
潮汐,2
能否,2
怕,6
立場,2
喜,2
莫名其妙,3
我會,2
窮,4
細琢,3
去秋,3
心地,1
於,35
過愛是,1
又,30
單時,4
互相,2
無可,2
恕,1
景觀,4
嗜,6
不言,1
是否,2
髮,1
即,2
厭倦,4
起,3
糾纏,1
眼光,6
